{
    \"date\": \"2025-02-10 16:24:24.533486\", \"status\": \"\", \"algo\": \"cs-sat\", \"file_name\": \"\", \"file_len\": 11, \"time_prep\": 0.02385711669921875, \"time_total\": 0.026257038116455078, \"sol_nvars\": 1377, \"sol_nhard\": 7749, \"sol_nsoft\": 121, \"sol_navgclause\": 2.4805781391147246, \"sol_ntotalvars\": 19222, \"sol_nmaxclause\": 20, \"factor_size\": 12, \"factors\": \"((0, 11, None), {(7, 11, 0): None, (6, 7, 100): None, (5, 6, 97): None, (4, 5, 99): None, (3, 4, 97): None, (2, 3, 114): None, (1, 2, 98): None, (0, 1, 97): None, (0, 4, None): ((0, 3, None), (3, 4, 97)), (0, 11, None): ((0, 7, None), (7, 11, 0)), (0, 5, None): ((0, 4, None), (4, 5, 99)), (0, 6, None): ((0, 5, None), (5, 6, 97)), (0, 7, None): ((0, 6, None), (6, 7, 100)), (0, 2, None): ((0, 1, 97), (1, 2, 98)), (0, 3, None): ((0, 2, None), (2, 3, 114))})\"
}